{"cameraMode":{"drawMode":0,"name":"Shaded","section":"Shading Mode"},"sceneLighting":false,"audioPlay":false,"sceneViewState":{"showFog":true,"showMaterialUpdate":false,"showSkybox":false,"showFlares":true,"showImageEffects":true,"showParticleSystems":true},"in2DMode":false,"pivot":{"x":29.030000686645509,"y":16.559999465942384,"z":49.400001525878909},"rotation":{"x":-0.42528387904167178,"y":0.00258224131539464,"z":-0.0012128230882808567,"w":-0.9050555229187012},"size":2.8578836917877199,"orthographic":false}