{"cameraMode":{"drawMode":0,"name":"Shaded","section":"Shading Mode"},"sceneLighting":true,"audioPlay":false,"sceneViewState":{"showFog":true,"showMaterialUpdate":false,"showSkybox":true,"showFlares":true,"showImageEffects":true,"showParticleSystems":true},"in2DMode":false,"pivot":{"x":15.608870506286621,"y":-213.794921875,"z":16.404067993164064},"rotation":{"x":-0.06608910113573075,"y":0.7510709166526794,"z":-0.6524856090545654,"w":-0.076074980199337},"size":263.3598327636719,"orthographic":false}