{"cameraMode":{"drawMode":0,"name":"Shaded","section":"Shading Mode"},"sceneLighting":false,"audioPlay":false,"sceneViewState":{"showFog":true,"showMaterialUpdate":false,"showSkybox":false,"showFlares":true,"showImageEffects":true,"showParticleSystems":true},"in2DMode":false,"pivot":{"x":28.77681541442871,"y":17.7799015045166,"z":51.35890197753906},"rotation":{"x":-0.01876085437834263,"y":-0.9435774683952332,"z":0.3261338174343109,"w":-0.054281190037727359},"size":9.647229194641114,"orthographic":false}