{"cameraMode":{"drawMode":0,"name":"Shaded","section":"Shading Mode"},"sceneLighting":true,"audioPlay":false,"sceneViewState":{"showFog":true,"showMaterialUpdate":false,"showSkybox":true,"showFlares":true,"showImageEffects":true,"showParticleSystems":true},"in2DMode":false,"pivot":{"x":33.27149963378906,"y":14.099512100219727,"z":30.504634857177736},"rotation":{"x":0.14326901733875276,"y":0.3868369162082672,"z":-0.06097757816314697,"w":0.9089075326919556},"size":22.0,"orthographic":false}