{"cameraMode":{"drawMode":0,"name":"Shaded","section":"Shading Mode"},"sceneLighting":true,"audioPlay":false,"sceneViewState":{"showFog":true,"showMaterialUpdate":false,"showSkybox":true,"showFlares":true,"showImageEffects":true,"showParticleSystems":true},"in2DMode":false,"pivot":{"x":49.635345458984378,"y":16.34507179260254,"z":45.86626052856445},"rotation":{"x":0.1167081743478775,"y":0.7848283052444458,"z":-0.5883790254592896,"w":0.15567226707935334},"size":46.426292419433597,"orthographic":false}