{"cameraMode":{"drawMode":0,"name":"Shaded","section":"Shading Mode"},"sceneLighting":true,"audioPlay":false,"sceneViewState":{"showFog":true,"showMaterialUpdate":false,"showSkybox":true,"showFlares":true,"showImageEffects":true,"showParticleSystems":true},"in2DMode":false,"pivot":{"x":-2.605074405670166,"y":32.19106674194336,"z":45.83786392211914},"rotation":{"x":0.14974980056285859,"y":0.6481664180755615,"z":-0.13208504021167756,"w":0.7348529696464539},"size":5.558292388916016,"orthographic":false}