{"cameraMode":{"drawMode":0,"name":"Shaded","section":"Shading Mode"},"sceneLighting":true,"audioPlay":false,"sceneViewState":{"showFog":true,"showMaterialUpdate":false,"showSkybox":true,"showFlares":true,"showImageEffects":true,"showParticleSystems":true},"in2DMode":false,"pivot":{"x":38.438232421875,"y":8.23175048828125,"z":20.643022537231447},"rotation":{"x":0.18425200879573823,"y":0.7253797650337219,"z":-0.21276263892650605,"w":0.6281779408454895},"size":30.27822494506836,"orthographic":false}