{"cameraMode":{"drawMode":0,"name":"Shaded","section":"Shading Mode"},"sceneLighting":true,"audioPlay":false,"sceneViewState":{"showFog":true,"showMaterialUpdate":false,"showSkybox":true,"showFlares":true,"showImageEffects":true,"showParticleSystems":true},"in2DMode":false,"pivot":{"x":36.16118621826172,"y":10.916006088256836,"z":42.73193359375},"rotation":{"x":-0.03597145155072212,"y":0.9633582830429077,"z":-0.16875013709068299,"w":-0.20535427331924439},"size":27.115234375,"orthographic":false}