{"cameraMode":{"drawMode":0,"name":"Shaded","section":"Shading Mode"},"sceneLighting":false,"audioPlay":false,"sceneViewState":{"showFog":true,"showMaterialUpdate":false,"showSkybox":false,"showFlares":true,"showImageEffects":true,"showParticleSystems":true},"in2DMode":false,"pivot":{"x":54.70000076293945,"y":34.290000915527347,"z":18.100000381469728},"rotation":{"x":0.2732730805873871,"y":0.06899290531873703,"z":-0.01965435780584812,"w":0.9592578411102295},"size":1.014627456665039,"orthographic":false}