{"cameraMode":{"drawMode":0,"name":"Shaded","section":"Shading Mode"},"sceneLighting":true,"audioPlay":false,"sceneViewState":{"showFog":true,"showMaterialUpdate":false,"showSkybox":true,"showFlares":true,"showImageEffects":true,"showParticleSystems":true},"in2DMode":false,"pivot":{"x":39.70953369140625,"y":14.667625427246094,"z":46.966835021972659},"rotation":{"x":-0.555324137210846,"y":-0.017017660662531854,"z":0.01132980640977621,"w":-0.8313827514648438},"size":81.39706420898438,"orthographic":false}