{"cameraMode":{"drawMode":0,"name":"Shaded","section":"Shading Mode"},"sceneLighting":true,"audioPlay":false,"sceneViewState":{"showFog":true,"showMaterialUpdate":false,"showSkybox":true,"showFlares":true,"showImageEffects":true,"showParticleSystems":true},"in2DMode":false,"pivot":{"x":142.21908569335938,"y":21.167518615722658,"z":42.66070556640625},"rotation":{"x":0.02431880682706833,"y":0.9607362151145935,"z":-0.2615639567375183,"w":0.08932460099458695},"size":249.51702880859376,"orthographic":false}