{"cameraMode":{"drawMode":0,"name":"Shaded","section":"Shading Mode"},"sceneLighting":true,"audioPlay":false,"sceneViewState":{"showFog":true,"showMaterialUpdate":false,"showSkybox":true,"showFlares":true,"showImageEffects":true,"showParticleSystems":true},"in2DMode":false,"pivot":{"x":235.4485321044922,"y":217.3527069091797,"z":163.9296112060547},"rotation":{"x":-0.4017716646194458,"y":0.5926001071929932,"z":-0.4378300905227661,"w":-0.5437918901443481},"size":98.78717041015625,"orthographic":false}